,x,y,theta,v
0,0.0,0.0,0.0,0.1
1,0.009895,-0.00125,-0.251327,0.1
2,0.0,0.0,0.0,0.1
3,0.009974,0.000627,0.125664,0.1
4,0.009895,-0.00125,-0.251327,0.1
5,0.019035,-0.005205,-0.565486,0.1
6,0.019035,-0.005205,-0.565486,0.1
7,0.027932,-0.009738,-0.376991,0.1
8,0.009974,0.000627,0.125664,0.1
9,0.028882,0.006771,0.502654,0.1
10,0.019035,-0.005205,-0.565486,0.1
11,0.037084,-0.013698,-0.314159,0.1
12,0.028882,0.006771,0.502654,0.1
13,0.046967,0.015281,0.376991,0.1
14,0.019035,-0.005205,-0.565486,0.1
15,0.02712,-0.011079,-0.69115,0.1
16,0.028882,0.006771,0.502654,0.1
17,0.038046,0.010737,0.314159,0.1
18,0.028882,0.006771,0.502654,0.1
19,0.047791,0.012915,0.125664,0.1
20,0.028882,0.006771,0.502654,0.1
21,0.04502,0.018496,0.753982,0.1
22,0.02712,-0.011079,-0.69115,0.1
23,0.035378,-0.016692,-0.502654,0.1
24,0.04502,0.018496,0.753982,0.1
25,0.05231,0.025342,0.753982,0.1
26,0.02712,-0.011079,-0.69115,0.1
27,0.035541,-0.016423,-0.439823,0.1
28,0.02712,-0.011079,-0.69115,0.1
29,0.043289,-0.022827,-0.565486,0.1
30,0.05231,0.025342,0.753982,0.1
31,0.058667,0.033026,1.005309,0.1
32,0.05231,0.025342,0.753982,0.1
33,0.069097,0.035995,0.376991,0.1
34,0.028882,0.006771,0.502654,0.1
35,0.038156,0.010443,0.251327,0.1
36,0.058667,0.033026,1.005309,0.1
37,0.063482,0.041784,1.130972,0.1
38,0.069097,0.035995,0.376991,0.1
39,0.087692,0.043357,0.376991,0.1
40,0.063482,0.041784,1.130972,0.1
41,0.066564,0.051269,1.3823,0.1
42,0.02712,-0.011079,-0.69115,0.1
43,0.04169,-0.024761,-0.816813,0.1
44,0.04169,-0.024761,-0.816813,0.1
45,0.058399,-0.035365,-0.314159,0.1
46,0.04169,-0.024761,-0.816813,0.1
47,0.057774,-0.036447,-0.439823,0.1
48,0.02712,-0.011079,-0.69115,0.1
49,0.03502,-0.017207,-0.628318,0.1
50,0.087692,0.043357,0.376991,0.1
51,0.09699,0.047038,0.376991,0.1
52,0.066564,0.051269,1.3823,0.1
53,0.069049,0.060949,1.256636,0.1
54,0.066564,0.051269,1.3823,0.1
55,0.068128,0.061145,1.445131,0.1
56,0.04169,-0.024761,-0.816813,0.1
57,0.048974,-0.031602,-0.69115,0.1
58,0.058667,0.033026,1.005309,0.1
59,0.073825,0.045566,0.376991,0.1
60,0.04169,-0.024761,-0.816813,0.1
61,0.05443,-0.040161,-0.942477,0.1
62,0.05443,-0.040161,-0.942477,0.1
63,0.068085,-0.054702,-0.69115,0.1
64,0.05443,-0.040161,-0.942477,0.1
65,0.058951,-0.049035,-1.256636,0.1
66,0.09699,0.047038,0.376991,0.1
67,0.116624,0.048274,-0.251327,0.1
68,0.0,0.0,0.0,0.1
69,0.019947,0.001255,0.125664,0.1
70,0.0,0.0,0.0,0.1
71,0.009895,-0.00125,-0.251327,0.1
72,0.019035,-0.005205,-0.565486,0.1
73,0.033528,-0.018815,-0.942477,0.1
74,0.068128,0.061145,1.445131,0.1
75,0.070608,0.070805,1.193804,0.1
76,0.068128,0.061145,1.445131,0.1
77,0.071873,0.080777,1.319468,0.1
78,0.068128,0.061145,1.445131,0.1
79,0.064442,0.080469,2.073449,0.1
80,0.064442,0.080469,2.073449,0.1
81,0.060476,0.089633,1.884954,0.1
82,0.060476,0.089633,1.884954,0.1
83,0.048913,0.105548,2.513272,0.1
84,0.048913,0.105548,2.513272,0.1
85,0.040039,0.110069,2.827431,0.1
86,0.060476,0.089633,1.884954,0.1
87,0.059233,0.109384,1.3823,0.1
88,0.028882,0.006771,0.502654,0.1
89,0.047429,0.014114,0.251327,0.1
90,0.116624,0.048274,-0.251327,0.1
91,0.125897,0.044602,-0.502654,0.1
92,0.125897,0.044602,-0.502654,0.1
93,0.134335,0.039247,-0.628318,0.1
94,0.058951,-0.049035,-1.256636,0.1
95,0.06174,-0.058636,-1.319468,0.1
96,0.05231,0.025342,0.753982,0.1
97,0.0596,0.032187,0.753982,0.1
98,0.019035,-0.005205,-0.565486,0.1
99,0.038089,-0.010098,0.062832,0.1
100,0.019035,-0.005205,-0.565486,0.1
101,0.028059,-0.009452,-0.314159,0.1
102,0.06174,-0.058636,-1.319468,0.1
103,0.060505,-0.07827,-1.947786,0.1
104,0.116624,0.048274,-0.251327,0.1
105,0.126225,0.045484,-0.314159,0.1
106,0.028882,0.006771,0.502654,0.1
107,0.036951,0.012634,0.753982,0.1
108,0.019035,-0.005205,-0.565486,0.1
109,0.027304,-0.010825,-0.628318,0.1
110,0.06174,-0.058636,-1.319468,0.1
111,0.070206,-0.076626,-0.942477,0.1
112,0.060505,-0.07827,-1.947786,0.1
113,0.055972,-0.087167,-2.136281,0.1
114,0.055972,-0.087167,-2.136281,0.1
115,0.041546,-0.100714,-2.638936,0.1
116,0.048913,0.105548,2.513272,0.1
117,0.040643,0.111168,2.576104,0.1
118,0.040039,0.110069,2.827431,0.1
119,0.030748,0.113748,2.701767,0.1
120,0.036951,0.012634,0.753982,0.1
121,0.054294,0.022168,0.251327,0.1
122,0.070206,-0.076626,-0.942477,0.1
123,0.076576,-0.084326,-0.816813,0.1
124,0.048913,0.105548,2.513272,0.1
125,0.031433,0.115158,2.764599,0.1
126,0.041546,-0.100714,-2.638936,0.1
127,0.033108,-0.106069,-2.513272,0.1
128,0.048913,0.105548,2.513272,0.1
129,0.036298,0.120797,2.010618,0.1
130,0.0,0.0,0.0,0.1
131,0.009895,0.00125,0.251327,0.1
132,0.066564,0.051269,1.3823,0.1
133,0.067816,0.071177,1.633627,0.1
134,0.059233,0.109384,1.3823,0.1
135,0.062981,0.129029,1.3823,0.1
136,0.070206,-0.076626,-0.942477,0.1
137,0.075826,-0.084895,-1.005309,0.1
138,0.134335,0.039247,-0.628318,0.1
139,0.152324,0.030782,-0.251327,0.1
140,0.033108,-0.106069,-2.513272,0.1
141,0.025208,-0.112197,-2.45044,0.1
142,0.040643,0.111168,2.576104,0.1
143,0.031504,0.115123,2.890263,0.1
144,0.030748,0.113748,2.701767,0.1
145,0.011308,0.117457,3.204422,0.1
146,0.025208,-0.112197,-2.45044,0.1
147,0.016787,-0.117541,-2.701767,0.1
148,0.152324,0.030782,-0.251327,0.1
149,0.161598,0.027111,-0.502654,0.1
150,0.0,0.0,0.0,0.1
151,0.009993,-0.000314,-0.062832,0.1
152,0.064442,0.080469,2.073449,0.1
153,0.055932,0.098553,1.947786,0.1
154,0.062981,0.129029,1.3823,0.1
155,0.064545,0.138905,1.445131,0.1
156,0.064442,0.080469,2.073449,0.1
157,0.060187,0.089511,1.947786,0.1
158,0.009895,0.00125,0.251327,0.1
159,0.029685,0.00125,-0.251327,0.1
160,0.033528,-0.018815,-0.942477,0.1
161,0.039607,-0.037525,-1.570795,0.1
162,0.152324,0.030782,-0.251327,0.1
163,0.162141,0.02891,-0.125664,0.1
164,0.064545,0.138905,1.445131,0.1
165,0.064859,0.148885,1.633627,0.1
166,0.162141,0.02891,-0.125664,0.1
167,0.172095,0.029222,0.188495,0.1
168,0.025208,-0.112197,-2.45044,0.1
169,0.007301,-0.120623,-2.953095,0.1
170,0.033108,-0.106069,-2.513272,0.1
171,0.02467,-0.111424,-2.638936,0.1
172,0.041546,-0.100714,-2.638936,0.1
173,0.02402,-0.110349,-2.638936,0.1
174,0.172095,0.029222,0.188495,0.1
175,0.181684,0.032008,0.376991,0.1
176,0.039607,-0.037525,-1.570795,0.1
177,0.043333,-0.057055,-1.193804,0.1
178,0.011308,0.117457,3.204422,0.1
179,0.001394,0.116204,3.330085,0.1
180,0.181684,0.032008,0.376991,0.1
181,0.191403,0.034181,0.062832,0.1
182,0.076576,-0.084326,-0.816813,0.1
183,0.083646,-0.091396,-0.753982,0.1
184,0.016787,-0.117541,-2.701767,0.1
185,0.007301,-0.120623,-2.953095,0.1
186,0.0,0.0,0.0,0.1
187,0.019168,-0.004922,-0.502654,0.1
188,0.025208,-0.112197,-2.45044,0.1
189,0.011553,-0.126738,-2.199113,0.1
190,0.064859,0.148885,1.633627,0.1
191,0.064859,0.168872,1.507963,0.1
192,0.181684,0.032008,0.376991,0.1
193,0.197694,0.043641,0.879645,0.1
194,0.191403,0.034181,0.062832,0.1
195,0.201396,0.034181,-0.062832,0.1
196,0.060505,-0.07827,-1.947786,0.1
197,0.050895,-0.09575,-2.199113,0.1
198,0.031504,0.115123,2.890263,0.1
199,0.021687,0.116996,3.015926,0.1
200,0.066564,0.051269,1.3823,0.1
201,0.06935,0.060858,1.193804,0.1
202,0.007301,-0.120623,-2.953095,0.1
203,-0.010606,-0.129049,-2.45044,0.1
204,0.030748,0.113748,2.701767,0.1
205,0.022327,0.119093,2.45044,0.1
206,0.033528,-0.018815,-0.942477,0.1
207,0.044238,-0.035691,-1.068141,0.1
208,0.022327,0.119093,2.45044,0.1
209,0.007757,0.132774,2.324777,0.1
210,0.007301,-0.120623,-2.953095,0.1
211,-0.002653,-0.121249,-3.204422,0.1
212,0.059233,0.109384,1.3823,0.1
213,0.062315,0.118869,1.130972,0.1
214,0.083646,-0.091396,-0.753982,0.1
215,0.08975,-0.099265,-1.068141,0.1
216,0.064859,0.168872,1.507963,0.1
217,0.063922,0.178787,1.822122,0.1
218,0.009895,0.00125,0.251327,0.1
219,0.01929,0.004632,0.439823,0.1
220,-0.010606,-0.129049,-2.45044,0.1
221,-0.028512,-0.137476,-2.953095,0.1
222,0.201396,0.034181,-0.062832,0.1
223,0.219687,0.026939,-0.69115,0.1
224,0.007757,0.132774,2.324777,0.1
225,0.001894,0.140843,2.073449,0.1
226,0.066564,0.051269,1.3823,0.1
227,0.066564,0.071151,1.75929,0.1
228,0.197694,0.043641,0.879645,0.1
229,0.212235,0.057295,0.628318,0.1
230,0.011553,-0.126738,-2.199113,0.1
231,-0.002102,-0.141279,-2.45044,0.1
232,0.009895,-0.00125,-0.251327,0.1
233,0.019035,-0.005205,-0.565486,0.1
234,0.01929,0.004632,0.439823,0.1
235,0.036805,0.014261,0.565486,0.1
236,0.212235,0.057295,0.628318,0.1
237,0.219506,0.064123,0.879645,0.1
238,0.219687,0.026939,-0.69115,0.1
239,0.237594,0.018512,-0.188495,0.1
240,0.219506,0.064123,0.879645,0.1
241,0.226748,0.082414,1.507963,0.1
242,-0.028512,-0.137476,-2.953095,0.1
243,-0.047871,-0.142446,-2.827431,0.1
244,0.0,0.0,0.0,0.1
245,0.019168,-0.004922,-0.502654,0.1
246,0.237594,0.018512,-0.188495,0.1
247,0.246964,0.015139,-0.502654,0.1
248,0.116624,0.048274,-0.251327,0.1
249,0.136414,0.045774,-0.0,0.1
250,0.063922,0.178787,1.822122,0.1
251,0.060177,0.198419,1.696459,0.1
252,0.001894,0.140843,2.073449,0.1
253,-0.012446,0.15431,2.701767,0.1
254,-0.047871,-0.142446,-2.827431,0.1
255,-0.06592,-0.150939,-2.576104,0.1
256,0.001894,0.140843,2.073449,0.1
257,-0.005449,0.15939,1.822122,0.1
258,0.219506,0.064123,0.879645,0.1
259,0.226748,0.082414,1.507963,0.1
260,0.033528,-0.018815,-0.942477,0.1
261,0.040356,-0.026086,-0.69115,0.1
262,0.001394,0.116204,3.330085,0.1
263,-0.015846,0.106727,3.958403,0.1
264,0.01929,0.004632,0.439823,0.1
265,0.028047,0.009447,0.565486,0.1
266,0.019035,-0.005205,-0.565486,0.1
267,0.037856,-0.011321,-0.062832,0.1
268,0.0,0.0,0.0,0.1
269,0.019168,0.004922,0.502654,0.1
270,-0.06592,-0.150939,-2.576104,0.1
271,-0.080413,-0.16455,-2.199113,0.1
272,-0.080413,-0.16455,-2.199113,0.1
273,-0.085496,-0.173144,-2.010618,0.1
274,0.048913,0.105548,2.513272,0.1
275,0.036298,0.120797,2.010618,0.1
276,0.08975,-0.099265,-1.068141,0.1
277,0.094839,-0.107871,-1.005309,0.1
278,0.226748,0.082414,1.507963,0.1
279,0.229253,0.102243,1.3823,0.1
280,0.237594,0.018512,-0.188495,0.1
281,0.257345,0.019755,0.314159,0.1
282,0.019035,-0.005205,-0.565486,0.1
283,0.027304,-0.010825,-0.628318,0.1
284,0.219687,0.026939,-0.69115,0.1
285,0.227946,0.021326,-0.502654,0.1
286,-0.012446,0.15431,2.701767,0.1
287,-0.020867,0.159654,2.45044,0.1
288,-0.06592,-0.150939,-2.576104,0.1
289,-0.074526,-0.156029,-2.638936,0.1
290,0.257345,0.019755,0.314159,0.1
291,0.266637,0.023434,0.439823,0.1
292,0.021687,0.116996,3.015926,0.1
293,0.002366,0.121957,2.764599,0.1
294,-0.085496,-0.173144,-2.010618,0.1
295,-0.09084,-0.181565,-2.261945,0.1
296,0.0,0.0,0.0,0.1
297,0.009993,-0.000314,-0.062832,0.1
298,0.036951,0.012634,0.753982,0.1
299,0.044451,0.019246,0.69115,0.1
300,-0.09084,-0.181565,-2.261945,0.1
301,-0.105381,-0.19522,-2.513272,0.1
302,0.266637,0.023434,0.439823,0.1
303,0.275545,0.027973,0.502654,0.1
304,0.094839,-0.107871,-1.005309,0.1
305,0.107554,-0.12324,-0.753982,0.1
306,0.055972,-0.087167,-2.136281,0.1
307,0.045255,-0.104053,-2.136281,0.1
308,0.036951,0.012634,0.753982,0.1
309,0.044841,0.018754,0.565486,0.1
310,0.257345,0.019755,0.314159,0.1
311,0.267024,0.02224,0.188495,0.1
312,0.107554,-0.12324,-0.753982,0.1
313,0.114395,-0.130525,-0.879645,0.1
314,0.219687,0.026939,-0.69115,0.1
315,0.226748,0.019878,-0.879645,0.1
316,0.246964,0.015139,-0.502654,0.1
317,0.263839,0.00443,-0.628318,0.1
318,0.267024,0.02224,0.188495,0.1
319,0.284264,0.031718,0.816813,0.1
320,0.263839,0.00443,-0.628318,0.1
321,0.28224,-0.002856,-0.125664,0.1
322,0.275545,0.027973,0.502654,0.1
323,0.283804,0.033586,0.69115,0.1
324,0.226748,0.019878,-0.879645,0.1
325,0.242067,0.007205,-0.502654,0.1
326,-0.005449,0.15939,1.822122,0.1
327,-0.011625,0.178399,1.947786,0.1
328,0.226748,0.019878,-0.879645,0.1
329,0.232876,0.011978,-0.942477,0.1
330,-0.085496,-0.173144,-2.010618,0.1
331,-0.088878,-0.182539,-1.822122,0.1
332,0.036951,0.012634,0.753982,0.1
333,0.048638,0.028718,1.130972,0.1
334,0.039607,-0.037525,-1.570795,0.1
335,0.040547,-0.047466,-1.3823,0.1
336,0.041546,-0.100714,-2.638936,0.1
337,0.028079,-0.115055,-2.010618,0.1
338,-0.012446,0.15431,2.701767,0.1
339,-0.028531,0.165996,2.324777,0.1
340,0.263839,0.00443,-0.628318,0.1
341,0.271539,-0.001941,-0.753982,0.1
342,-0.011625,0.178399,1.947786,0.1
343,-0.015596,0.187575,2.010618,0.1
344,-0.005449,0.15939,1.822122,0.1
345,-0.005449,0.17918,1.319468,0.1
346,-0.028531,0.165996,2.324777,0.1
347,-0.035816,0.172837,2.45044,0.1
348,0.007301,-0.120623,-2.953095,0.1
349,-0.012528,-0.123128,-3.078758,0.1
350,0.271539,-0.001941,-0.753982,0.1
351,0.279776,-0.007538,-0.439823,0.1
352,-0.015596,0.187575,2.010618,0.1
353,-0.019274,0.196866,1.884954,0.1
354,-0.035816,0.172837,2.45044,0.1
355,-0.054107,0.180079,3.078758,0.1
356,0.033528,-0.018815,-0.942477,0.1
357,0.046268,-0.034215,-0.816813,0.1
358,0.226748,0.082414,1.507963,0.1
359,0.226748,0.092407,1.633627,0.1
360,0.283804,0.033586,0.69115,0.1
361,0.30171,0.042012,0.188495,0.1
362,0.125897,0.044602,-0.502654,0.1
363,0.134156,0.03899,-0.69115,0.1
364,0.125897,0.044602,-0.502654,0.1
365,0.141216,0.031929,-0.879645,0.1
366,0.284264,0.031718,0.816813,0.1
367,0.300973,0.042322,0.314159,0.1
368,0.033528,-0.018815,-0.942477,0.1
369,0.045284,-0.034996,-0.942477,0.1
370,-0.088878,-0.182539,-1.822122,0.1
371,-0.093852,-0.201911,-1.822122,0.1
372,-0.093852,-0.201911,-1.822122,0.1
373,-0.101195,-0.220457,-2.073449,0.1
374,-0.019274,0.196866,1.884954,0.1
375,-0.028853,0.214289,2.261945,0.1
376,0.226748,0.092407,1.633627,0.1
377,0.226748,0.102401,1.507963,0.1
378,0.271539,-0.001941,-0.753982,0.1
379,0.281017,-0.01918,-1.3823,0.1
380,-0.101195,-0.220457,-2.073449,0.1
381,-0.106013,-0.22922,-2.073449,0.1
382,-0.054107,0.180079,3.078758,0.1
383,-0.063969,0.181642,2.890263,0.1
384,0.226748,0.092407,1.633627,0.1
385,0.220632,0.111229,2.136281,0.1
386,0.30171,0.042012,0.188495,0.1
387,0.311299,0.044798,0.376991,0.1
388,0.281017,-0.01918,-1.3823,0.1
389,0.288336,-0.037665,-1.005309,0.1
390,0.009895,-0.00125,-0.251327,0.1
391,0.01979,-0.0025,0.0,0.1
392,0.041546,-0.100714,-2.638936,0.1
393,0.03294,-0.105804,-2.576104,0.1
394,0.288336,-0.037665,-1.005309,0.1
395,0.293425,-0.046271,-1.068141,0.1
396,0.220632,0.111229,2.136281,0.1
397,0.214758,0.119314,2.261945,0.1
398,-0.080413,-0.16455,-2.199113,0.1
399,-0.087241,-0.17182,-2.45044,0.1
400,-0.028853,0.214289,2.261945,0.1
401,-0.039541,0.231131,2.010618,0.1
402,0.007301,-0.120623,-2.953095,0.1
403,-0.01167,-0.126787,-2.701767,0.1
404,0.009895,-0.00125,-0.251327,0.1
405,0.01979,-0.0025,0.0,0.1
406,0.311299,0.044798,0.376991,0.1
407,0.320039,0.049602,0.628318,0.1
408,0.0,0.0,0.0,0.1
409,0.009974,0.000627,0.125664,0.1
410,-0.106013,-0.22922,-2.073449,0.1
411,-0.111625,-0.237479,-2.261945,0.1
412,-0.005449,0.17918,1.319468,0.1
413,-0.0042,0.199023,1.696459,0.1
414,-0.005449,0.17918,1.319468,0.1
415,-0.003267,0.188938,1.3823,0.1
416,-0.111625,-0.237479,-2.261945,0.1
417,-0.122314,-0.254321,-2.010618,0.1
418,0.066564,0.071151,1.75929,0.1
419,0.067806,0.090902,1.256636,0.1
420,-0.122314,-0.254321,-2.010618,0.1
421,-0.126022,-0.273761,-1.507963,0.1
422,-0.126022,-0.273761,-1.507963,0.1
423,-0.127274,-0.293669,-1.75929,0.1
424,0.041546,-0.100714,-2.638936,0.1
425,0.033477,-0.106576,-2.387608,0.1
426,-0.028531,0.165996,2.324777,0.1
427,-0.040256,0.182134,2.073449,0.1
428,0.214758,0.119314,2.261945,0.1
429,0.209689,0.127886,1.947786,0.1
430,-0.003267,0.188938,1.3823,0.1
431,-0.000185,0.198423,1.130972,0.1
432,0.220632,0.111229,2.136281,0.1
433,0.205474,0.123769,2.764599,0.1
434,0.214758,0.119314,2.261945,0.1
435,0.206332,0.13722,1.75929,0.1
436,-0.039541,0.231131,2.010618,0.1
437,-0.043249,0.250571,1.507963,0.1
438,0.281017,-0.01918,-1.3823,0.1
439,0.281957,-0.029121,-1.570795,0.1
440,-0.126022,-0.273761,-1.507963,0.1
441,-0.124769,-0.283675,-1.3823,0.1
442,0.281017,-0.01918,-1.3823,0.1
443,0.282269,-0.039088,-1.633627,0.1
444,-0.043249,0.250571,1.507963,0.1
445,-0.04138,0.260368,1.256636,0.1
446,0.311299,0.044798,0.376991,0.1
447,0.330829,0.048523,-0.0,0.1
448,0.064442,0.080469,2.073449,0.1
449,0.058829,0.088727,2.261945,0.1
450,0.019168,0.004922,0.502654,0.1
451,0.033595,0.018469,1.005309,0.1
452,0.114395,-0.130525,-0.879645,0.1
453,0.119739,-0.138946,-1.130972,0.1
454,-0.127274,-0.293669,-1.75929,0.1
455,-0.12976,-0.303348,-1.884954,0.1
456,0.330829,0.048523,-0.0,0.1
457,0.340822,0.048209,-0.062832,0.1
458,-0.04138,0.260368,1.256636,0.1
459,-0.032887,0.278417,1.005309,0.1
460,0.320039,0.049602,0.628318,0.1
461,0.33458,0.063257,0.879645,0.1
462,-0.032887,0.278417,1.005309,0.1
463,-0.028073,0.287174,1.130972,0.1
464,-0.032887,0.278417,1.005309,0.1
465,-0.027797,0.287023,1.068141,0.1
466,0.040039,0.110069,2.827431,0.1
467,0.030875,0.114035,2.638936,0.1
468,0.141216,0.031929,-0.879645,0.1
469,0.146286,0.023357,-1.193804,0.1
470,-0.032887,0.278417,1.005309,0.1
471,-0.024394,0.296466,1.256636,0.1
472,0.33458,0.063257,0.879645,0.1
473,0.346328,0.079427,1.005309,0.1
474,0.346328,0.079427,1.005309,0.1
475,0.357045,0.096314,1.005309,0.1
476,-0.032887,0.278417,1.005309,0.1
477,-0.027267,0.286686,0.942477,0.1
478,0.033595,0.018469,1.005309,0.1
479,0.042088,0.036518,1.256636,0.1
480,0.357045,0.096314,1.005309,0.1
481,0.362665,0.104583,0.942477,0.1
482,-0.124769,-0.283675,-1.3823,0.1
483,-0.123517,-0.303583,-1.633627,0.1
484,0.214758,0.119314,2.261945,0.1
485,0.201076,0.133884,2.387608,0.1
486,-0.027267,0.286686,0.942477,0.1
487,-0.020664,0.294176,0.753982,0.1
488,0.346328,0.079427,1.005309,0.1
489,0.351418,0.088033,1.068141,0.1
490,0.205474,0.123769,2.764599,0.1
491,0.186466,0.129945,2.890263,0.1
492,-0.124769,-0.283675,-1.3823,0.1
493,-0.121984,-0.293264,-1.193804,0.1
494,0.040039,0.110069,2.827431,0.1
495,0.030242,0.111938,3.078758,0.1
496,0.293425,-0.046271,-1.068141,0.1
497,0.300769,-0.064818,-1.319468,0.1
498,-0.020664,0.294176,0.753982,0.1
499,-0.002863,0.302552,0.125664,0.1
500,0.282269,-0.039088,-1.633627,0.1
501,0.282896,-0.049042,-1.3823,0.1
502,-0.063969,0.181642,2.890263,0.1
503,-0.083759,0.181642,3.392917,0.1
504,0.220632,0.111229,2.136281,0.1
505,0.212139,0.129278,1.884954,0.1
506,0.351418,0.088033,1.068141,0.1
507,0.355957,0.096942,1.130972,0.1
508,-0.083759,0.181642,3.392917,0.1
509,-0.103602,0.180393,3.015926,0.1
510,-0.002863,0.302552,0.125664,0.1
511,0.016045,0.308696,0.502654,0.1
512,-0.12976,-0.303348,-1.884954,0.1
513,-0.140364,-0.320058,-2.387608,0.1
514,-0.121984,-0.293264,-1.193804,0.1
515,-0.119198,-0.302853,-1.3823,0.1
516,-0.140364,-0.320058,-2.387608,0.1
517,-0.155764,-0.332798,-2.513272,0.1
518,-0.028853,0.214289,2.261945,0.1
519,-0.035465,0.221789,2.324777,0.1
520,-0.103602,0.180393,3.015926,0.1
521,-0.113576,0.180393,3.267254,0.1
522,0.340822,0.048209,-0.062832,0.1
523,0.350776,0.047268,-0.125664,0.1
524,0.220632,0.111229,2.136281,0.1
525,0.213313,0.129715,1.75929,0.1
526,-0.121984,-0.293264,-1.193804,0.1
527,-0.118013,-0.30244,-1.130972,0.1
528,0.346328,0.079427,1.005309,0.1
529,0.350861,0.088324,1.193804,0.1
530,-0.002863,0.302552,0.125664,0.1
531,0.006881,0.30473,0.314159,0.1
532,0.201076,0.133884,2.387608,0.1
533,0.194473,0.141374,2.199113,0.1
534,-0.103602,0.180393,3.015926,0.1
535,-0.123236,0.177913,3.518581,0.1
536,0.300769,-0.064818,-1.319468,0.1
537,0.310303,-0.08216,-0.816813,0.1
538,-0.12976,-0.303348,-1.884954,0.1
539,-0.13285,-0.312859,-1.884954,0.1
540,-0.002863,0.302552,0.125664,0.1
541,0.016771,0.300072,-0.376991,0.1
542,-0.118013,-0.30244,-1.130972,0.1
543,-0.112669,-0.310861,-0.879645,0.1
544,-0.112669,-0.310861,-0.879645,0.1
545,-0.107324,-0.319282,-1.130972,0.1
546,0.281957,-0.029121,-1.570795,0.1
547,0.282896,-0.039062,-1.3823,0.1
548,-0.103602,0.180393,3.015926,0.1
549,-0.113477,0.181957,2.953095,0.1
550,-0.074526,-0.156029,-2.638936,0.1
551,-0.082395,-0.162133,-2.324777,0.1
552,0.016771,0.300072,-0.376991,0.1
553,0.025343,0.295002,-0.69115,0.1
554,-0.002863,0.302552,0.125664,0.1
555,0.016457,0.307513,0.376991,0.1
556,-0.112669,-0.310861,-0.879645,0.1
557,-0.106795,-0.318946,-1.005309,0.1
558,-0.13285,-0.312859,-1.884954,0.1
559,-0.13782,-0.332218,-1.75929,0.1
560,-0.155764,-0.332798,-2.513272,0.1
561,-0.164637,-0.337319,-2.827431,0.1
562,-0.043249,0.250571,1.507963,0.1
563,-0.043563,0.260551,1.696459,0.1
564,0.362665,0.104583,0.942477,0.1
565,0.368019,0.113021,1.068141,0.1
566,-0.164637,-0.337319,-2.827431,0.1
567,-0.184362,-0.339811,-3.204422,0.1
568,-0.112669,-0.310861,-0.879645,0.1
569,-0.106795,-0.318946,-1.005309,0.1
570,-0.043563,0.260551,1.696459,0.1
571,-0.048523,0.279872,1.947786,0.1
572,0.362665,0.104583,0.942477,0.1
573,0.37858,0.116146,0.314159,0.1
574,-0.184362,-0.339811,-3.204422,0.1
575,-0.194356,-0.339811,-3.078758,0.1
576,-0.113477,0.181957,2.953095,0.1
577,-0.122847,0.185331,2.638936,0.1
578,-0.155764,-0.332798,-2.513272,0.1
579,-0.163034,-0.339625,-2.261945,0.1
580,-0.112669,-0.310861,-0.879645,0.1
581,-0.104242,-0.328768,-1.3823,0.1
582,0.025343,0.295002,-0.69115,0.1
583,0.032843,0.28839,-0.753982,0.1
584,0.282269,-0.039088,-1.633627,0.1
585,0.285978,-0.058527,-1.130972,0.1
586,0.016045,0.308696,0.502654,0.1
587,0.025209,0.312662,0.314159,0.1
588,-0.002863,0.302552,0.125664,0.1
589,0.00711,0.30318,-0.0,0.1
590,0.300769,-0.064818,-1.319468,0.1
591,0.30295,-0.074576,-1.3823,0.1
592,0.282269,-0.039088,-1.633627,0.1
593,0.280401,-0.048885,-1.884954,0.1
594,0.350776,0.047268,-0.125664,0.1
595,0.370723,0.046013,-0.0,0.1
596,0.368019,0.113021,1.068141,0.1
597,0.377654,0.130547,1.068141,0.1
598,-0.048523,0.279872,1.947786,0.1
599,-0.057033,0.297956,2.073449,0.1
600,0.280401,-0.048885,-1.884954,0.1
601,0.276435,-0.058049,-2.073449,0.1
602,0.377654,0.130547,1.068141,0.1
603,0.391995,0.144014,0.439823,0.1
604,0.391995,0.144014,0.439823,0.1
605,0.411513,0.146479,-0.188495,0.1
606,-0.112669,-0.310861,-0.879645,0.1
607,-0.096058,-0.321402,-0.251327,0.1
608,-0.155764,-0.332798,-2.513272,0.1
609,-0.171164,-0.345538,-2.387608,0.1
610,-0.194356,-0.339811,-3.078758,0.1
611,-0.214185,-0.342316,-2.953095,0.1
612,-0.096058,-0.321402,-0.251327,0.1
613,-0.086196,-0.322964,-0.062832,0.1
614,-0.171164,-0.345538,-2.387608,0.1
615,-0.178864,-0.351908,-2.513272,0.1
616,0.391995,0.144014,0.439823,0.1
617,0.410092,0.152529,0.439823,0.1
618,0.30295,-0.074576,-1.3823,0.1
619,0.311376,-0.092482,-0.879645,0.1
620,0.411513,0.146479,-0.188495,0.1
621,0.421192,0.143994,-0.314159,0.1
622,0.30295,-0.074576,-1.3823,0.1
623,0.306697,-0.094221,-1.3823,0.1
624,-0.104242,-0.328768,-1.3823,0.1
625,-0.105485,-0.348519,-1.884954,0.1
626,-0.086196,-0.322964,-0.062832,0.1
627,-0.076281,-0.322027,0.251327,0.1
628,0.421192,0.143994,-0.314159,0.1
629,0.430217,0.139748,-0.565486,0.1
630,0.370723,0.046013,-0.0,0.1
631,0.380697,0.046641,0.125664,0.1
632,-0.106795,-0.318946,-1.005309,0.1
633,-0.097166,-0.336461,-1.130972,0.1
634,0.430217,0.139748,-0.565486,0.1
635,0.438301,0.133874,-0.69115,0.1
636,0.438301,0.133874,-0.69115,0.1
637,0.446723,0.128529,-0.439823,0.1
638,-0.076281,-0.322027,0.251327,0.1
639,-0.067008,-0.318356,0.502654,0.1
640,0.410092,0.152529,0.439823,0.1
641,0.418849,0.157344,0.565486,0.1
642,0.276435,-0.058049,-2.073449,0.1
643,0.27218,-0.067091,-1.947786,0.1
644,0.438301,0.133874,-0.69115,0.1
645,0.446386,0.128,-0.565486,0.1
646,-0.020664,0.294176,0.753982,0.1
647,-0.003877,0.304829,0.376991,0.1
648,-0.067008,-0.318356,0.502654,0.1
649,-0.058402,-0.313266,0.565486,0.1
650,0.446723,0.128529,-0.439823,0.1
651,0.465694,0.122365,-0.188495,0.1
652,-0.178864,-0.351908,-2.513272,0.1
653,-0.197264,-0.359193,-3.015926,0.1
654,0.418849,0.157344,0.565486,0.1
655,0.427746,0.161877,0.376991,0.1
656,0.465694,0.122365,-0.188495,0.1
657,0.484179,0.115046,-0.565486,0.1
658,0.438301,0.133874,-0.69115,0.1
659,0.446723,0.128529,-0.439823,0.1
660,0.484179,0.115046,-0.565486,0.1
661,0.491864,0.108689,-0.816813,0.1
662,-0.067008,-0.318356,0.502654,0.1
663,-0.053541,-0.304015,1.130972,0.1
664,0.276435,-0.058049,-2.073449,0.1
665,0.270291,-0.076958,-1.696459,0.1
666,-0.122847,0.185331,2.638936,0.1
667,-0.141394,0.192674,2.890263,0.1
668,-0.13782,-0.332218,-1.75929,0.1
669,-0.142791,-0.351577,-1.884954,0.1
670,0.377654,0.130547,1.068141,0.1
671,0.390328,0.145866,0.69115,0.1
672,-0.086196,-0.322964,-0.062832,0.1
673,-0.076242,-0.323905,-0.125664,0.1
674,-0.032887,0.278417,1.005309,0.1
675,-0.026772,0.297238,1.507963,0.1
676,0.465694,0.122365,-0.188495,0.1
677,0.475635,0.121426,-0.0,0.1
678,-0.057033,0.297956,2.073449,0.1
679,-0.062896,0.306025,2.324777,0.1
680,0.475635,0.121426,-0.0,0.1
681,0.485628,0.121112,-0.062832,0.1
682,-0.053541,-0.304015,1.130972,0.1
683,-0.049833,-0.284575,1.633627,0.1
684,-0.214185,-0.342316,-2.953095,0.1
685,-0.223864,-0.344801,-2.827431,0.1
686,0.025209,0.312662,0.314159,0.1
687,0.035006,0.314531,0.062832,0.1
688,-0.178864,-0.351908,-2.513272,0.1
689,-0.194264,-0.364648,-2.387608,0.1
690,0.025343,0.295002,-0.69115,0.1
691,0.036975,0.278992,-1.193804,0.1
692,-0.223864,-0.344801,-2.827431,0.1
693,-0.233544,-0.347287,-2.953095,0.1
694,0.205474,0.123769,2.764599,0.1
695,0.196902,0.128838,2.45044,0.1
696,-0.067008,-0.318356,0.502654,0.1
697,-0.05857,-0.313001,0.628318,0.1
698,0.491864,0.108689,-0.816813,0.1
699,0.497726,0.10062,-1.068141,0.1
700,-0.020664,0.294176,0.753982,0.1
701,-0.012964,0.300546,0.628318,0.1
702,0.036975,0.278992,-1.193804,0.1
703,0.039761,0.269403,-1.3823,0.1
704,-0.197264,-0.359193,-3.015926,0.1
705,-0.216897,-0.362938,-2.890263,0.1
706,-0.216897,-0.362938,-2.890263,0.1
707,-0.22617,-0.36661,-2.638936,0.1
708,0.036975,0.278992,-1.193804,0.1
709,0.046585,0.261512,-0.942477,0.1
710,-0.142791,-0.351577,-1.884954,0.1
711,-0.152369,-0.368999,-2.261945,0.1
712,-0.026772,0.297238,1.507963,0.1
713,-0.027085,0.307218,1.696459,0.1
714,0.418849,0.157344,0.565486,0.1
715,0.432396,0.17177,1.068141,0.1
716,0.497726,0.10062,-1.068141,0.1
717,0.503589,0.092551,-0.816813,0.1
718,-0.096058,-0.321402,-0.251327,0.1
719,-0.076268,-0.323902,0.0,0.1
720,0.276435,-0.058049,-2.073449,0.1
721,0.272749,-0.077373,-1.445131,0.1
722,0.497726,0.10062,-1.068141,0.1
723,0.502816,0.092014,-1.005309,0.1
724,0.025343,0.295002,-0.69115,0.1
725,0.032843,0.28839,-0.753982,0.1
726,0.497726,0.10062,-1.068141,0.1
727,0.501398,0.091347,-1.319468,0.1
728,0.484179,0.115046,-0.565486,0.1
729,0.501066,0.10433,-0.565486,0.1
730,-0.027085,0.307218,1.696459,0.1
731,-0.027085,0.317192,1.445131,0.1
732,-0.027085,0.317192,1.445131,0.1
733,-0.02583,0.33714,1.570795,0.1
734,-0.002863,0.302552,0.125664,0.1
735,0.016045,0.308696,0.502654,0.1
736,0.497726,0.10062,-1.068141,0.1
737,0.502816,0.092014,-1.005309,0.1
738,0.432396,0.17177,1.068141,0.1
739,0.436935,0.180679,1.130972,0.1
740,0.485628,0.121112,-0.062832,0.1
741,0.495621,0.121112,0.062832,0.1
742,0.495621,0.121112,0.062832,0.1
743,0.515061,0.117403,-0.439823,0.1
744,-0.121984,-0.293264,-1.193804,0.1
745,-0.117179,-0.302004,-0.942477,0.1
746,0.495621,0.121112,0.062832,0.1
747,0.505615,0.121426,-0.0,0.1
748,-0.053541,-0.304015,1.130972,0.1
749,-0.048458,-0.29542,0.942477,0.1
750,0.515061,0.117403,-0.439823,0.1
751,0.524237,0.113432,-0.376991,0.1
752,-0.067008,-0.318356,0.502654,0.1
753,-0.048099,-0.312212,0.125664,0.1
754,-0.062896,0.306025,2.324777,0.1
755,-0.080135,0.315503,2.953095,0.1
756,0.501398,0.091347,-1.319468,0.1
757,0.508741,0.0728,-1.068141,0.1
758,0.436935,0.180679,1.130972,0.1
759,0.4431,0.19965,1.3823,0.1
760,0.039761,0.269403,-1.3823,0.1
761,0.04708,0.250918,-1.005309,0.1
762,-0.080135,0.315503,2.953095,0.1
763,-0.100043,0.316755,3.204422,0.1
764,-0.122847,0.185331,2.638936,0.1
765,-0.131453,0.19042,2.576104,0.1
766,-0.053541,-0.304015,1.130972,0.1
767,-0.048727,-0.295258,1.005309,0.1
768,0.501398,0.091347,-1.319468,0.1
769,0.503898,0.071557,-1.570795,0.1
770,-0.112669,-0.310861,-0.879645,0.1
771,-0.106795,-0.318946,-1.005309,0.1
772,-0.097166,-0.336461,-1.130972,0.1
773,-0.092627,-0.345369,-1.068141,0.1
774,0.524237,0.113432,-0.376991,0.1
775,0.533741,0.110344,-0.251327,0.1
776,0.533741,0.110344,-0.251327,0.1
777,0.543604,0.108782,-0.062832,0.1
778,-0.100043,0.316755,3.204422,0.1
779,-0.119483,0.320464,2.701767,0.1
780,0.533741,0.110344,-0.251327,0.1
781,0.553375,0.11158,0.376991,0.1
782,0.503898,0.071557,-1.570795,0.1
783,0.505456,0.06172,-1.256636,0.1
784,-0.22617,-0.36661,-2.638936,0.1
785,-0.245339,-0.371532,-3.14159,0.1
786,-0.086196,-0.322964,-0.062832,0.1
787,-0.066288,-0.321712,0.188495,0.1
788,-0.119483,0.320464,2.701767,0.1
789,-0.135567,0.33215,2.324777,0.1
790,-0.049833,-0.284575,1.633627,0.1
791,-0.051085,-0.274661,1.75929,0.1
792,-0.076281,-0.322027,0.251327,0.1
793,-0.066386,-0.320777,0.0,0.1
794,0.503898,0.071557,-1.570795,0.1
795,0.505153,0.051609,-1.445131,0.1
796,-0.002863,0.302552,0.125664,0.1
797,0.007012,0.304116,0.188495,0.1
798,0.553375,0.11158,0.376991,0.1
799,0.561947,0.116649,0.69115,0.1
800,0.503898,0.071557,-1.570795,0.1
801,0.505148,0.061661,-1.319468,0.1
802,0.039761,0.269403,-1.3823,0.1
803,0.040701,0.259462,-1.570795,0.1
804,0.561947,0.116649,0.69115,0.1
805,0.576517,0.130331,0.816813,0.1
806,-0.122314,-0.254321,-2.010618,0.1
807,-0.126284,-0.263497,-1.947786,0.1
808,-0.092627,-0.345369,-1.068141,0.1
809,-0.078286,-0.358836,-0.439823,0.1
810,0.576517,0.130331,0.816813,0.1
811,0.582887,0.138031,0.942477,0.1
812,-0.078286,-0.358836,-0.439823,0.1
813,-0.070049,-0.364434,-0.753982,0.1
814,0.505153,0.051609,-1.445131,0.1
815,0.503905,0.031767,-1.822122,0.1
816,-0.053541,-0.304015,1.130972,0.1
817,-0.048197,-0.295594,0.879645,0.1
818,-0.049833,-0.284575,1.633627,0.1
819,-0.04858,-0.264667,1.3823,0.1
820,0.508741,0.0728,-1.068141,0.1
821,0.51328,0.063891,-1.130972,0.1
822,-0.003877,0.304829,0.376991,0.1
823,0.00502,0.309362,0.565486,0.1
824,-0.049833,-0.284575,1.633627,0.1
825,-0.049519,-0.274595,1.445131,0.1
826,-0.096058,-0.321402,-0.251327,0.1
827,-0.077512,-0.328745,-0.502654,0.1
828,0.501398,0.091347,-1.319468,0.1
829,0.501398,0.071557,-1.822122,0.1
830,0.533741,0.110344,-0.251327,0.1
831,0.553531,0.110344,0.251327,0.1
832,0.501398,0.071557,-1.822122,0.1
833,0.497727,0.062283,-2.073449,0.1
834,-0.135567,0.33215,2.324777,0.1
835,-0.151652,0.343836,2.701767,0.1
836,0.582887,0.138031,0.942477,0.1
837,0.588507,0.1463,1.005309,0.1
838,0.025343,0.295002,-0.69115,0.1
839,0.031929,0.287532,-1.005309,0.1
840,-0.112669,-0.310861,-0.879645,0.1
841,-0.096658,-0.322494,-0.376991,0.1
842,-0.051085,-0.274661,1.75929,0.1
843,-0.052649,-0.264785,1.696459,0.1
844,-0.070049,-0.364434,-0.753982,0.1
845,-0.062159,-0.370554,-0.565486,0.1
846,-0.151652,0.343836,2.701767,0.1
847,-0.170235,0.351194,2.827431,0.1
848,-0.22617,-0.36661,-2.638936,0.1
849,-0.235444,-0.370282,-2.890263,0.1
850,-0.078286,-0.358836,-0.439823,0.1
851,-0.068994,-0.362515,-0.314159,0.1
852,-0.053541,-0.304015,1.130972,0.1
853,-0.049862,-0.294723,1.256636,0.1
854,-0.170235,0.351194,2.827431,0.1
855,-0.17926,0.35544,2.576104,0.1
856,-0.05857,-0.313001,0.628318,0.1
857,-0.040581,-0.304536,0.251327,0.1
858,-0.068994,-0.362515,-0.314159,0.1
859,-0.059484,-0.365605,-0.314159,0.1
860,-0.059484,-0.365605,-0.314159,0.1
861,-0.050076,-0.368992,-0.376991,0.1
862,0.588507,0.1463,1.005309,0.1
863,0.59304,0.155197,1.193804,0.1
864,-0.17926,0.35544,2.576104,0.1
865,-0.198081,0.361556,3.078758,0.1
866,0.533741,0.110344,-0.251327,0.1
867,0.543636,0.109094,-0.0,0.1
868,-0.053541,-0.304015,1.130972,0.1
869,-0.051076,-0.284497,1.75929,0.1
870,-0.22617,-0.36661,-2.638936,0.1
871,-0.244717,-0.373953,-2.890263,0.1
872,0.59304,0.155197,1.193804,0.1
873,0.595826,0.164786,1.3823,0.1
874,-0.051076,-0.284497,1.75929,0.1
875,-0.04861,-0.26498,1.130972,0.1
876,0.497727,0.062283,-2.073449,0.1
877,0.492114,0.054025,-2.261945,0.1
878,-0.012964,0.300546,0.628318,0.1
879,0.003217,0.312302,0.628318,0.1
880,-0.053541,-0.304015,1.130972,0.1
881,-0.051076,-0.284497,1.75929,0.1
882,0.492114,0.054025,-2.261945,0.1
883,0.476104,0.042392,-2.764599,0.1
884,0.588507,0.1463,1.005309,0.1
885,0.595826,0.164786,1.3823,0.1
886,-0.051076,-0.284497,1.75929,0.1
887,-0.059502,-0.266591,2.261945,0.1
888,0.588507,0.1463,1.005309,0.1
889,0.600255,0.16247,0.879645,0.1
890,-0.096658,-0.322494,-0.376991,0.1
891,-0.087761,-0.327027,-0.565486,0.1
892,0.600255,0.16247,0.879645,0.1
893,0.616265,0.174102,0.376991,0.1
894,-0.053541,-0.304015,1.130972,0.1
895,-0.045026,-0.285918,1.130972,0.1
896,0.616265,0.174102,0.376991,0.1
897,0.633745,0.183712,0.628318,0.1
898,-0.051076,-0.284497,1.75929,0.1
899,-0.056046,-0.265138,1.884954,0.1
900,0.616265,0.174102,0.376991,0.1
901,0.631423,0.186642,1.005309,0.1
902,-0.197264,-0.359193,-3.015926,0.1
903,-0.216897,-0.362938,-2.890263,0.1
904,0.616265,0.174102,0.376991,0.1
905,0.625162,0.178636,0.565486,0.1
906,0.040701,0.259462,-1.570795,0.1
907,0.0382,0.239672,-1.822122,0.1
908,0.040701,0.259462,-1.570795,0.1
909,0.04164,0.249521,-1.3823,0.1
910,-0.078286,-0.358836,-0.439823,0.1
911,-0.06911,-0.362807,-0.376991,0.1
912,0.503905,0.031767,-1.822122,0.1
913,0.497729,0.012758,-1.947786,0.1
914,0.031929,0.287532,-1.005309,0.1
915,0.037287,0.279089,-1.005309,0.1
916,-0.032887,0.278417,1.005309,0.1
917,-0.021139,0.294586,0.879645,0.1
918,-0.050076,-0.368992,-0.376991,0.1
919,-0.041179,-0.373525,-0.565486,0.1
920,0.616265,0.174102,0.376991,0.1
921,0.625162,0.178636,0.565486,0.1
922,-0.059502,-0.266591,2.261945,0.1
923,-0.073184,-0.252021,2.387608,0.1
924,-0.17926,0.35544,2.576104,0.1
925,-0.187529,0.36106,2.513272,0.1
926,-0.051076,-0.284497,1.75929,0.1
927,-0.051702,-0.274543,1.507963,0.1
928,0.497729,0.012758,-1.947786,0.1
929,0.493758,0.003582,-2.010618,0.1
930,-0.187529,0.36106,2.513272,0.1
931,-0.195019,0.367664,2.324777,0.1
932,-0.195019,0.367664,2.324777,0.1
933,-0.202509,0.374267,2.513272,0.1
934,0.616265,0.174102,0.376991,0.1
935,0.625985,0.176275,0.062832,0.1
936,0.306697,-0.094221,-1.3823,0.1
937,0.30795,-0.104136,-1.507963,0.1
938,-0.202509,0.374267,2.513272,0.1
939,-0.219989,0.383877,2.764599,0.1
940,-0.067008,-0.318356,0.502654,0.1
941,-0.057735,-0.314684,0.251327,0.1
942,0.633745,0.183712,0.628318,0.1
943,0.640788,0.190754,0.942477,0.1
944,0.025343,0.295002,-0.69115,0.1
945,0.033048,0.288628,-0.69115,0.1
946,0.640788,0.190754,0.942477,0.1
947,0.646665,0.198844,0.942477,0.1
948,-0.051076,-0.284497,1.75929,0.1
949,-0.052015,-0.274557,1.570795,0.1
950,-0.041179,-0.373525,-0.565486,0.1
951,-0.032422,-0.378339,-0.439823,0.1
952,-0.219989,0.383877,2.764599,0.1
953,-0.229031,0.388132,2.638936,0.1
954,-0.244717,-0.373953,-2.890263,0.1
955,-0.263264,-0.381296,-2.638936,0.1
956,-0.263264,-0.381296,-2.638936,0.1
957,-0.272634,-0.38467,-2.953095,0.1
958,-0.027267,0.286686,0.942477,0.1
959,-0.021389,0.294776,0.942477,0.1
960,-0.272634,-0.38467,-2.953095,0.1
961,-0.292385,-0.383427,-3.455749,0.1
962,-0.292385,-0.383427,-3.455749,0.1
963,-0.302064,-0.380942,-3.330085,0.1
964,-0.229031,0.388132,2.638936,0.1
965,-0.244351,0.400805,2.261945,0.1
966,-0.302064,-0.380942,-3.330085,0.1
967,-0.321893,-0.378437,-3.204422,0.1
968,-0.067008,-0.318356,0.502654,0.1
969,-0.05857,-0.313001,0.628318,0.1
970,0.016771,0.300072,-0.376991,0.1
971,0.026178,0.296685,-0.314159,0.1
972,0.646665,0.198844,0.942477,0.1
973,0.659405,0.214244,0.816813,0.1
974,-0.041179,-0.373525,-0.565486,0.1
975,-0.027632,-0.387951,-1.068141,0.1
976,0.493758,0.003582,-2.010618,0.1
977,0.490375,-0.005813,-1.822122,0.1
978,0.659405,0.214244,0.816813,0.1
979,0.674775,0.226959,0.565486,0.1
980,-0.04138,0.260368,1.256636,0.1
981,-0.04138,0.28004,1.884954,0.1
982,0.674775,0.226959,0.565486,0.1
983,0.691662,0.237676,0.565486,0.1
984,-0.027632,-0.387951,-1.068141,0.1
985,-0.02177,-0.39602,-0.816813,0.1
986,-0.059502,-0.266591,2.261945,0.1
987,-0.06908,-0.249168,1.884954,0.1
988,-0.263264,-0.381296,-2.638936,0.1
989,-0.280139,-0.392006,-2.513272,0.1
990,-0.244351,0.400805,2.261945,0.1
991,-0.250963,0.408305,2.324777,0.1
992,0.501398,0.071557,-1.822122,0.1
993,0.498898,0.051766,-1.570795,0.1
994,0.490375,-0.005813,-1.822122,0.1
995,0.485402,-0.025185,-1.822122,0.1
996,-0.321893,-0.378437,-3.204422,0.1
997,-0.341723,-0.375932,-3.330085,0.1
998,-0.051076,-0.284497,1.75929,0.1
999,-0.052015,-0.274557,1.570795,0.1
1000,-0.250963,0.408305,2.324777,0.1
1001,-0.266332,0.42102,2.576104,0.1
1002,-0.266332,0.42102,2.576104,0.1
1003,-0.284381,0.429513,2.827431,0.1
1004,0.691662,0.237676,0.565486,0.1
1005,0.699747,0.24355,0.69115,0.1
1006,-0.02177,-0.39602,-0.816813,0.1
1007,-0.014485,-0.402861,-0.69115,0.1
1008,-0.096058,-0.321402,-0.251327,0.1
1009,-0.086663,-0.324785,-0.439823,0.1
1010,-0.341723,-0.375932,-3.330085,0.1
1011,-0.351677,-0.375306,-3.078758,0.1
1012,-0.059502,-0.266591,2.261945,0.1
1013,-0.066772,-0.259763,2.513272,0.1
1014,0.501398,0.071557,-1.822122,0.1
1015,0.501398,0.051766,-1.319468,0.1
1016,0.699747,0.24355,0.69115,0.1
1017,0.716589,0.254238,0.439823,0.1
1018,-0.066772,-0.259763,2.513272,0.1
1019,-0.084252,-0.250153,2.764599,0.1
1020,0.595826,0.164786,1.3823,0.1
1021,0.598311,0.174466,1.256636,0.1
1022,0.501398,0.071557,-1.822122,0.1
1023,0.497727,0.062283,-2.073449,0.1
1024,-0.280139,-0.392006,-2.513272,0.1
1025,-0.298539,-0.399291,-3.015926,0.1
1026,-0.066772,-0.259763,2.513272,0.1
1027,-0.074043,-0.252936,2.261945,0.1
1028,-0.250963,0.408305,2.324777,0.1
1029,-0.261616,0.425092,1.947786,0.1
1030,-0.351677,-0.375306,-3.078758,0.1
1031,-0.36167,-0.375306,-3.204422,0.1
1032,-0.078286,-0.358836,-0.439823,0.1
1033,-0.069238,-0.363094,-0.439823,0.1
1034,0.59304,0.155197,1.193804,0.1
1035,0.597295,0.16424,1.068141,0.1
1036,0.485402,-0.025185,-1.822122,0.1
1037,0.482314,-0.034689,-1.947786,0.1
1038,-0.284381,0.429513,2.827431,0.1
1039,-0.293406,0.43376,2.576104,0.1
1040,-0.261616,0.425092,1.947786,0.1
1041,-0.273248,0.441102,2.45044,0.1
1042,-0.088878,-0.182539,-1.822122,0.1
1043,-0.099419,-0.199149,-2.45044,0.1
1044,-0.051076,-0.284497,1.75929,0.1
1045,-0.05724,-0.265526,2.010618,0.1
1046,-0.117179,-0.302004,-0.942477,0.1
1047,-0.110575,-0.309494,-0.753982,0.1
1048,-0.053541,-0.304015,1.130972,0.1
1049,-0.042853,-0.287173,0.879645,0.1
1050,0.476104,0.042392,-2.764599,0.1
1051,0.456574,0.038667,-3.14159,0.1
1052,-0.068994,-0.362515,-0.314159,0.1
1053,-0.052285,-0.373119,-0.816813,0.1
1054,0.0382,0.239672,-1.822122,0.1
1055,0.035714,0.229986,-1.822122,0.1
1056,-0.261616,0.425092,1.947786,0.1
1057,-0.274156,0.44025,2.576104,0.1
1058,-0.032422,-0.378339,-0.439823,0.1
1059,-0.023828,-0.383422,-0.628318,0.1
1060,0.482314,-0.034689,-1.947786,0.1
1061,0.478059,-0.043731,-2.073449,0.1
1062,0.492114,0.054025,-2.261945,0.1
1063,0.476104,0.042392,-2.764599,0.1
1064,0.716589,0.254238,0.439823,0.1
1065,0.731837,0.266853,0.942477,0.1
1066,-0.351677,-0.375306,-3.078758,0.1
1067,-0.361631,-0.37468,-3.330085,0.1
1068,-0.053541,-0.304015,1.130972,0.1
1069,-0.046184,-0.285432,1.256636,0.1
1070,-0.078286,-0.358836,-0.439823,0.1
1071,-0.068722,-0.361615,-0.125664,0.1
1072,0.716589,0.254238,0.439823,0.1
1073,0.725984,0.257621,0.251327,0.1
1074,-0.293406,0.43376,2.576104,0.1
1075,-0.311891,0.441079,2.953095,0.1
1076,0.016771,0.300072,-0.376991,0.1
1077,0.036405,0.297592,0.125664,0.1
1078,-0.051076,-0.284497,1.75929,0.1
1079,-0.053257,-0.27474,1.822122,0.1
1080,-0.197264,-0.359193,-3.015926,0.1
1081,-0.215665,-0.366479,-2.513272,0.1
1082,0.036975,0.278992,-1.193804,0.1
1083,0.039455,0.259358,-1.696459,0.1
1084,0.731837,0.266853,0.942477,0.1
1085,0.747086,0.279468,0.439823,0.1
1086,-0.051076,-0.284497,1.75929,0.1
1087,-0.052015,-0.274557,1.570795,0.1
1088,-0.261616,0.425092,1.947786,0.1
1089,-0.271226,0.442572,2.199113,0.1
1090,-0.280139,-0.392006,-2.513272,0.1
1091,-0.297619,-0.401616,-2.764599,0.1
1092,0.731837,0.266853,0.942477,0.1
1093,0.747086,0.279468,0.439823,0.1
1094,0.725984,0.257621,0.251327,0.1
1095,0.735846,0.259183,0.062832,0.1
1096,0.731837,0.266853,0.942477,0.1
1097,0.744577,0.282253,0.816813,0.1
1098,0.735846,0.259183,0.062832,0.1
1099,0.755286,0.255474,-0.439823,0.1
1100,0.747086,0.279468,0.439823,0.1
1101,0.766343,0.284412,0.062832,0.1
1102,-0.273248,0.441102,2.45044,0.1
1103,-0.280533,0.447943,2.324777,0.1
1104,-0.067008,-0.318356,0.502654,0.1
1105,-0.04784,-0.313434,0.0,0.1
1106,-0.067008,-0.318356,0.502654,0.1
1107,-0.04784,-0.313434,0.0,0.1
1108,0.731837,0.266853,0.942477,0.1
1109,0.738207,0.274553,0.816813,0.1
1110,0.738207,0.274553,0.816813,0.1
1111,0.748861,0.29134,1.193804,0.1
1112,0.0382,0.239672,-1.822122,0.1
1113,0.036328,0.229856,-1.696459,0.1
1114,-0.002863,0.302552,0.125664,0.1
1115,0.006797,0.305033,0.376991,0.1
1116,0.478059,-0.043731,-2.073449,0.1
1117,0.464511,-0.058158,-2.576104,0.1
1118,-0.076281,-0.322027,0.251327,0.1
1119,-0.06668,-0.319238,0.314159,0.1
1120,-0.261616,0.425092,1.947786,0.1
1121,-0.272269,0.441878,2.324777,0.1
1122,-0.014485,-0.402861,-0.69115,0.1
1123,-0.0064,-0.408735,-0.565486,0.1
1124,-0.084252,-0.250153,2.764599,0.1
1125,-0.101732,-0.240544,2.513272,0.1
1126,-0.053541,-0.304015,1.130972,0.1
1127,-0.047377,-0.285044,1.3823,0.1
1128,0.748861,0.29134,1.193804,0.1
1129,0.760493,0.30735,0.69115,0.1
1130,0.016771,0.300072,-0.376991,0.1
1131,0.034251,0.290462,-0.628318,0.1
1132,0.501398,0.071557,-1.822122,0.1
1133,0.499526,0.06174,-1.696459,0.1
1134,0.748861,0.29134,1.193804,0.1
1135,0.755037,0.310348,1.319468,0.1
1136,-0.051076,-0.284497,1.75929,0.1
1137,-0.04861,-0.26498,1.130972,0.1
1138,0.464511,-0.058158,-2.576104,0.1
1139,0.456826,-0.064515,-2.324777,0.1
1140,0.031929,0.287532,-1.005309,0.1
1141,0.038286,0.279847,-0.753982,0.1
1142,0.748861,0.29134,1.193804,0.1
1143,0.7614,0.306498,0.565486,0.1
1144,-0.311891,0.441079,2.953095,0.1
1145,-0.321845,0.441705,3.204422,0.1
1146,-0.076281,-0.322027,0.251327,0.1
1147,-0.066596,-0.31954,0.251327,0.1
1148,0.755286,0.255474,-0.439823,0.1
1149,0.764462,0.251504,-0.376991,0.1
1150,-0.351677,-0.375306,-3.078758,0.1
1151,-0.361474,-0.377175,-2.827431,0.1
1152,-0.361474,-0.377175,-2.827431,0.1
1153,-0.371153,-0.37966,-2.953095,0.1
1154,-0.261616,0.425092,1.947786,0.1
1155,-0.270126,0.443176,2.073449,0.1
1156,-0.068722,-0.361615,-0.125664,0.1
1157,-0.058906,-0.363487,-0.251327,0.1
1158,-0.261616,0.425092,1.947786,0.1
1159,-0.264704,0.434596,1.822122,0.1
1160,-0.051076,-0.284497,1.75929,0.1
1161,-0.053581,-0.264668,1.633627,0.1
1162,-0.068722,-0.361615,-0.125664,0.1
1163,-0.059062,-0.364095,-0.376991,0.1
1164,0.755037,0.310348,1.319468,0.1
1165,0.755974,0.320263,1.633627,0.1
1166,0.035006,0.314531,0.062832,0.1
1167,0.054446,0.310822,-0.439823,0.1
1168,0.755974,0.320263,1.633627,0.1
1169,0.75566,0.330257,1.570795,0.1
1170,0.755974,0.320263,1.633627,0.1
1171,0.752236,0.339857,1.884954,0.1
1172,0.7614,0.306498,0.565486,0.1
1173,0.76967,0.312118,0.628318,0.1
1174,0.755286,0.255474,-0.439823,0.1
1175,0.76468,0.252092,-0.251327,0.1
1176,0.752236,0.339857,1.884954,0.1
1177,0.747266,0.359216,1.75929,0.1
1178,-0.053541,-0.304015,1.130972,0.1
1179,-0.048197,-0.295594,0.879645,0.1
1180,-0.264704,0.434596,1.822122,0.1
1181,-0.265954,0.444491,1.570795,0.1
1182,0.0382,0.239672,-1.822122,0.1
1183,0.0357,0.219882,-1.570795,0.1
1184,0.755286,0.255474,-0.439823,0.1
1185,0.764194,0.250935,-0.502654,0.1
1186,0.75566,0.330257,1.570795,0.1
1187,0.759386,0.349786,1.193804,0.1
1188,0.764194,0.250935,-0.502654,0.1
1189,0.782741,0.243592,-0.251327,0.1
1190,-0.280533,0.447943,2.324777,0.1
1191,-0.295903,0.460658,2.576104,0.1
1192,0.464511,-0.058158,-2.576104,0.1
1193,0.456242,-0.063778,-2.513272,0.1
1194,0.464511,-0.058158,-2.576104,0.1
1195,0.456621,-0.064278,-2.387608,0.1
1196,-0.265954,0.444491,1.570795,0.1
1197,-0.269679,0.464021,1.947786,0.1
1198,0.755974,0.320263,1.633627,0.1
1199,0.7566,0.330217,1.3823,0.1
1200,0.764194,0.250935,-0.502654,0.1
1201,0.783362,0.246014,-0.0,0.1
1202,0.764194,0.250935,-0.502654,0.1
1203,0.773236,0.24668,-0.376991,0.1
1204,0.035006,0.314531,0.062832,0.1
1205,0.04496,0.313904,-0.188495,0.1
1206,0.503898,0.071557,-1.570795,0.1
1207,0.500173,0.052027,-1.947786,0.1
1208,0.764194,0.250935,-0.502654,0.1
1209,0.773564,0.247562,-0.188495,0.1
1210,0.025343,0.295002,-0.69115,0.1
1211,0.032843,0.28839,-0.753982,0.1
1212,-0.295903,0.460658,2.576104,0.1
1213,-0.303988,0.466532,2.45044,0.1
1214,-0.269679,0.464021,1.947786,0.1
1215,-0.274213,0.472917,2.136281,0.1
1216,-0.361474,-0.377175,-2.827431,0.1
1217,-0.380495,-0.383355,-2.827431,0.1
1218,-0.067008,-0.318356,0.502654,0.1
1219,-0.048461,-0.311012,0.251327,0.1
1220,0.76967,0.312118,0.628318,0.1
1221,0.776712,0.31916,0.942477,0.1
1222,-0.380495,-0.383355,-2.827431,0.1
1223,-0.389659,-0.387321,-2.638936,0.1
1224,0.00711,0.30318,-0.0,0.1
1225,0.0269,0.30068,-0.251327,0.1
1226,0.783362,0.246014,-0.0,0.1
1227,0.793362,0.246014,-0.0,0.1
1228,0.759386,0.349786,1.193804,0.1
1229,0.771925,0.364944,0.565486,0.1
1230,0.0382,0.239672,-1.822122,0.1
1231,0.027659,0.223062,-2.45044,0.1
1232,0.025343,0.295002,-0.69115,0.1
1233,0.033243,0.288874,-0.628318,0.1
1234,0.764194,0.250935,-0.502654,0.1
1235,0.773564,0.247562,-0.188495,0.1
1236,-0.053541,-0.304015,1.130972,0.1
1237,-0.042853,-0.287173,0.879645,0.1
1238,0.027659,0.223062,-2.45044,0.1
1239,0.020832,0.215791,-2.199113,0.1
1240,0.764194,0.250935,-0.502654,0.1
1241,0.773103,0.246396,-0.439823,0.1
1242,-0.068722,-0.361615,-0.125664,0.1
1243,-0.050322,-0.3689,-0.628318,0.1
1244,0.793362,0.246014,-0.0,0.1
1245,0.812531,0.250935,0.502654,0.1
1246,-0.389659,-0.387321,-2.638936,0.1
1247,-0.404085,-0.400868,-2.136281,0.1
1248,-0.303988,0.466532,2.45044,0.1
1249,-0.318557,0.480214,2.324777,0.1
1250,-0.404085,-0.400868,-2.136281,0.1
1251,-0.408978,-0.419923,-1.507963,0.1
1252,-0.408978,-0.419923,-1.507963,0.1
1253,-0.41023,-0.439831,-1.75929,0.1
1254,-0.408978,-0.419923,-1.507963,0.1
1255,-0.411469,-0.439648,-1.884954,0.1
1256,0.764194,0.250935,-0.502654,0.1
1257,0.783518,0.247249,0.125664,0.1
1258,-0.051076,-0.284497,1.75929,0.1
1259,-0.053561,-0.274818,1.884954,0.1
1260,0.782741,0.243592,-0.251327,0.1
1261,0.792655,0.242655,0.062832,0.1
1262,0.771925,0.364944,0.565486,0.1
1263,0.785473,0.379371,1.068141,0.1
1264,-0.318557,0.480214,2.324777,0.1
1265,-0.331297,0.495614,2.199113,0.1
1266,0.764194,0.250935,-0.502654,0.1
1267,0.773236,0.24668,-0.376991,0.1
1268,-0.265954,0.444491,1.570795,0.1
1269,-0.266894,0.454432,1.75929,0.1
1270,0.785473,0.379371,1.068141,0.1
1271,0.798146,0.39469,0.69115,0.1
1272,0.755974,0.320263,1.633627,0.1
1273,0.759682,0.339703,1.130972,0.1
1274,-0.0064,-0.408735,-0.565486,0.1
1275,0.00977,-0.420483,-0.69115,0.1
1276,-0.331297,0.495614,2.199113,0.1
1277,-0.336652,0.504052,2.073449,0.1
1278,0.798146,0.39469,0.69115,0.1
1279,0.805206,0.40175,0.879645,0.1
1280,-0.059502,-0.266591,2.261945,0.1
1281,-0.073184,-0.252021,2.387608,0.1
1282,-0.411469,-0.439648,-1.884954,0.1
1283,-0.414259,-0.449249,-1.822122,0.1
1284,0.805206,0.40175,0.879645,0.1
1285,0.811818,0.40925,0.816813,0.1
1286,0.752236,0.339857,1.884954,0.1
1287,0.74885,0.349264,1.947786,0.1
1288,0.811818,0.40925,0.816813,0.1
1289,0.828528,0.419854,0.314159,0.1
1290,0.00977,-0.420483,-0.69115,0.1
1291,0.018191,-0.425827,-0.439823,0.1
1292,-0.265954,0.444491,1.570795,0.1
1293,-0.269679,0.464021,1.947786,0.1
1294,0.792655,0.242655,0.062832,0.1
1295,0.812642,0.242655,-0.062832,0.1
1296,0.018191,-0.425827,-0.439823,0.1
1297,0.026785,-0.43091,-0.628318,0.1
1298,0.456621,-0.064278,-2.387608,0.1
1299,0.449781,-0.071563,-2.261945,0.1
1300,-0.408978,-0.419923,-1.507963,0.1
1301,-0.40524,-0.439517,-1.256636,0.1
1302,0.811818,0.40925,0.816813,0.1
1303,0.827903,0.420936,0.439823,0.1
1304,0.773103,0.246396,-0.439823,0.1
1305,0.782151,0.242138,-0.439823,0.1
1306,0.020832,0.215791,-2.199113,0.1
1307,0.007177,0.20125,-2.45044,0.1
1308,0.782151,0.242138,-0.439823,0.1
1309,0.790388,0.236541,-0.753982,0.1
1310,0.501398,0.071557,-1.822122,0.1
1311,0.495222,0.052548,-1.947786,0.1
1312,0.828528,0.419854,0.314159,0.1
1313,0.845237,0.430458,0.816813,0.1
1314,0.74885,0.349264,1.947786,0.1
1315,0.745124,0.368794,1.570795,0.1
1316,0.812531,0.250935,0.502654,0.1
1317,0.821695,0.254901,0.314159,0.1
1318,0.790388,0.236541,-0.753982,0.1
1319,0.802074,0.220456,-1.130972,0.1
1320,-0.336652,0.504052,2.073449,0.1
1321,-0.341574,0.52322,1.570795,0.1
1322,-0.414259,-0.449249,-1.822122,0.1
1323,-0.41644,-0.459007,-1.75929,0.1
1324,0.031929,0.287532,-1.005309,0.1
1325,0.038515,0.280062,-0.69115,0.1
1326,0.595826,0.164786,1.3823,0.1
1327,0.59336,0.184304,2.010618,0.1
1328,0.845237,0.430458,0.816813,0.1
1329,0.861947,0.441062,0.314159,0.1
1330,0.845237,0.430458,0.816813,0.1
1331,0.856962,0.446596,1.068141,0.1
